dtime,observer_intensity
20050101,173
20050102,139
20050103,115
20050104,90
20050105,118
20050106,87
20050107,73
20050108,91
20050109,169
20050110,83
20050111,83
20050112,90
20050113,65
20050114,112
20050115,207
20050116,205
20050117,71
20050118,61
20050119,88
20050120,41
20050121,60
20050122,167
20050123,168
20050124,90
20050125,71
20050126,79
20050127,61
20050128,62
20050129,155
20050130,142
20050131,62
20050201,87
20050202,86
20050203,101
20050204,103
20050205,172
20050206,180
20050207,110
20050208,133
20050209,86
20050210,46
20050211,121
20050212,78
20050213,104
20050214,70
20050215,81
20050216,110
20050217,99
20050218,76
20050219,118
20050220,149
20050221,91
20050222,71
20050223,78
20050224,94
20050225,115
20050226,146
20050227,142
20050228,122
20050301,80
20050302,95
20050303,161
20050304,158
20050305,229
20050306,242
20050307,104
20050308,94
20050309,118
20050310,128
20050311,94
20050312,160
20050313,216
20050314,141
20050315,136
20050316,157
20050317,109
20050318,142
20050319,232
20050320,294
20050321,198
20050322,170
20050323,191
20050324,142
20050325,216
20050326,236
20050327,228
20050328,228
20050329,156
20050330,152
20050331,176
20050401,226
20050402,283
20050403,280
20050404,172
20050405,152
20050406,117
20050407,80
20050408,129
20050409,162
20050410,221
20050411,206
20050412,176
20050413,98
20050414,145
20050415,174
20050416,189
20050417,280
20050418,169
20050419,130
20050420,163
20050421,211
20050422,216
20050423,300
20050424,296
20050425,200
20050426,164
20050427,177
20050428,200
20050429,178
20050430,249
20050501,317
20050502,205
20050503,152
20050504,152
20050505,231
20050506,168
20050507,146
20050508,171
20050509,114
20050510,131
20050511,156
20050512,175
20050513,208
20050514,242
20050515,273
20050516,228
20050517,132
20050518,166
20050519,159
20050520,137
20050521,232
20050522,247
20050523,141
20050524,111
20050525,168
20050526,148
20050527,176
20050528,203
20050529,202
20050530,99
20050531,98
20050601,145
20050602,121
20050603,121
20050604,123
20050605,153
20050606,102
20050607,108
20050608,139
20050609,155
20050610,114
20050611,135
20050612,139
20050613,105
20050614,158
20050615,128
20050616,107
20050617,120
20050618,186
20050619,168
20050620,135
20050621,128
20050622,138
20050623,133
20050624,123
20050625,123
20050626,158
20050627,129
20050628,122
20050629,105
20050630,81
20050701,119
20050702,138
20050703,170
20050704,83
20050705,105
20050706,76
20050707,105
20050708,96
20050709,145
20050710,143
20050711,106
20050712,129
20050713,122
20050714,133
20050715,108
20050716,128
20050717,167
20050718,108
20050719,88
20050720,75
20050721,72
20050722,97
20050723,154
20050724,148
20050725,80
20050726,122
20050727,108
20050728,113
20050729,100
20050730,120
20050731,60
20050801,130
20050802,130
20050803,105
20050804,110
20050805,79
20050806,129
20050807,123
20050808,97
20050809,111
20050810,125
20050811,133
20050812,93
20050813,182
20050814,115
20050815,109
20050816,149
20050817,159
20050818,158
20050819,122
20050820,154
20050821,186
20050822,140
20050823,110
20050824,125
20050825,83
20050826,107
20050827,172
20050828,204
20050829,146
20050830,136
20050831,152
20050901,129
20050902,157
20050903,183
20050904,226
20050905,159
20050906,135
20050907,139
20050908,127
20050909,133
20050910,182
20050911,198
20050912,122
20050913,124
20050914,96
20050915,92
20050916,109
20050917,188
20050918,218
20050919,128
20050920,123
20050921,137
20050922,138
20050923,148
20050924,186
20050925,188
20050926,113
20050927,89
20050928,101
20050929,90
20050930,112
20051001,202
20051002,216
20051003,147
20051004,145
20051005,178
20051006,130
20051007,157
20051008,210
20051009,230
20051010,138
20051011,142
20051012,140
20051013,147
20051014,144
20051015,229
20051016,220
20051017,145
20051018,152
20051019,135
20051020,104
20051021,111
20051022,155
20051023,207
20051024,77
20051025,73
20051026,138
20051027,148
20051028,172
20051029,231
20051030,247
20051031,136
20051101,135
20051102,71
20051103,98
20051104,100
20051105,222
20051106,203
20051107,93
20051108,124
20051109,131
20051110,92
20051111,103
20051112,180
20051113,239
20051114,150
20051115,70
20051116,96
20051117,100
20051118,150
20051119,215
20051120,215
20051121,110
20051122,109
20051123,110
20051124,83
20051125,60
20051126,128
20051127,190
20051128,108
20051129,100
20051130,122
20051201,109
20051202,119
20051203,170
20051204,177
20051205,121
20051206,118
20051207,113
20051208,127
20051209,128
20051210,173
20051211,196
20051212,99
20051213,99
20051214,94
20051215,91
20051216,90
20051217,166
20051218,239
20051219,116
20051220,87
20051221,120
20051222,104
20051223,121
20051224,204
20051225,190
20051226,187
20051227,172
20051228,213
20051229,217
20051230,178
20051231,123
20060101,242
20060102,240
20060103,223
20060104,221
20060105,193
20060106,213
20060107,292
20060108,299
20060109,180
20060110,155
20060111,85
20060112,138
20060113,175
20060114,294
20060115,350
20060116,187
20060117,96
20060118,171
20060119,103
20060120,121
20060121,232
20060122,300
20060123,183
20060124,165
20060125,145
20060126,150
20060127,179
20060128,279
20060129,316
20060130,169
20060131,183
20060201,178
20060202,181
20060203,208
20060204,270
20060205,261
20060206,166
20060207,156
20060208,141
20060209,123
20060210,195
20060211,307
20060212,253
20060213,187
20060214,179
20060215,158
20060216,146
20060217,152
20060218,348
20060219,361
20060220,173
20060221,126
20060222,195
20060223,209
20060224,213
20060225,271
20060226,303
20060227,221
20060228,139
20060301,175
20060302,190
20060303,210
20060304,274
20060305,304
20060306,179
20060307,233
20060308,124
20060309,197
20060310,216
20060311,267
20060312,408
20060313,243
20060314,248
20060315,275
20060316,186
20060317,222
20060318,353
20060319,358
20060320,259
20060321,235
20060322,265
20060323,267
20060324,249
20060325,350
20060326,385
20060327,260
20060328,242
20060329,268
20060330,200
20060331,229
20060401,381
20060402,390
20060403,258
20060404,247
20060405,272
20060406,244
20060407,284
20060408,296
20060409,402
20060410,251
20060411,218
20060412,257
20060413,177
20060414,333
20060415,454
20060416,387
20060417,449
20060418,260
20060419,263
20060420,282
20060421,321
20060422,359
20060423,467
20060424,324
20060425,339
20060426,300
20060427,279
20060428,237
20060429,283
20060430,375
20060501,210
20060502,329
20060503,372
20060504,342
20060505,355
20060506,377
20060507,361
20060508,238
20060509,257
20060510,272
20060511,276
20060512,296
20060513,319
20060514,313
20060515,249
20060516,194
20060517,223
20060518,173
20060519,113
20060520,171
20060521,309
20060522,160
20060523,181
20060524,155
20060525,254
20060526,157
20060527,210
20060528,297
20060529,185
20060530,158
20060531,144
20060601,167
20060602,229
20060603,268
20060604,289
20060605,330
20060606,215
20060607,204
20060608,184
20060609,192
20060610,246
20060611,236
20060612,169
20060613,154
20060614,141
20060615,128
20060616,165
20060617,242
20060618,243
20060619,164
20060620,177
20060621,121
20060622,121
20060623,177
20060624,221
20060625,181
20060626,118
20060627,144
20060628,159
20060629,125
20060630,180
20060701,205
20060702,197
20060703,151
20060704,147
20060705,152
20060706,172
20060707,145
20060708,182
20060709,166
20060710,158
20060711,151
20060712,177
20060713,140
20060714,130
20060715,191
20060716,168
20060717,152
20060718,153
20060719,118
20060720,116
20060721,139
20060722,136
20060723,170
20060724,149
20060725,136
20060726,132
20060727,128
20060728,144
20060729,167
20060730,152
20060731,139
20060801,140
20060802,110
20060803,126
20060804,121
20060805,186
20060806,227
20060807,151
20060808,137
20060809,147
20060810,113
20060811,100
20060812,186
20060813,282
20060814,108
20060815,150
20060816,202
20060817,179
20060818,165
20060819,229
20060820,185
20060821,141
20060822,171
20060823,222
20060824,147
20060825,149
20060826,236
20060827,188
20060828,105
20060829,133
20060830,163
20060831,124
20060901,200
20060902,212
20060903,153
20060904,166
20060905,140
20060906,206
20060907,141
20060908,165
20060909,245
20060910,283
20060911,191
20060912,167
20060913,192
20060914,157
20060915,198
20060916,274
20060917,270
20060918,162
20060919,131
20060920,172
20060921,176
20060922,169
20060923,235
20060924,271
20060925,153
20060926,128
20060927,161
20060928,149
20060929,178
20060930,236
20061001,226
20061002,108
20061003,144
20061004,158
20061005,139
20061006,99
20061007,257
20061008,304
20061009,222
20061010,186
20061011,245
20061012,168
20061013,192
20061014,268
20061015,282
20061016,200
20061017,216
20061018,171
20061019,156
20061020,153
20061021,252
20061022,247
20061023,160
20061024,118
20061025,206
20061026,205
20061027,208
20061028,213
20061029,237
20061030,164
20061031,105
20061101,142
20061102,148
20061103,181
20061104,270
20061105,278
20061106,145
20061107,148
20061108,123
20061109,141
20061110,203
20061111,186
20061112,256
20061113,119
20061114,121
20061115,172
20061116,127
20061117,183
20061118,278
20061119,234
20061120,74
20061121,121
20061122,118
20061123,78
20061124,181
20061125,167
20061126,299
20061127,187
20061128,175
20061129,205
20061130,143
20061201,166
20061202,192
20061203,166
20061204,129
20061205,97
20061206,132
20061207,75
20061208,104
20061209,297
20061210,348
20061211,55
20061212,165
20061213,129
20061214,114
20061215,180
20061216,188
20061217,320
20061218,161
20061219,158
20061220,156
20061221,139
20061222,193
20061223,238
20061224,252
20061225,243
20061226,221
20061227,197
20061228,160
20061229,247
20061230,109
20061231,167
20070101,325
20070102,293
20070103,295
20070104,270
20070105,318
20070106,369
20070107,403
20070108,248
20070109,179
20070110,154
20070111,87
20070112,228
20070113,388
20070114,502
20070115,312
20070116,163
20070117,173
20070118,75
20070119,230
20070120,273
20070121,378
20070122,264
20070123,283
20070124,307
20070125,291
20070126,211
20070127,425
20070128,320
20070129,251
20070130,245
20070131,252
20070201,250
20070202,296
20070203,512
20070204,487
20070205,225
20070206,241
20070207,269
20070208,177
20070209,263
20070210,349
20070211,318
20070212,215
20070213,223
20070214,150
20070215,359
20070216,364
20070217,516
20070218,486
20070219,321
20070220,335
20070221,245
20070222,358
20070223,368
20070224,371
20070225,315
20070226,253
20070227,207
20070228,202
20070301,272
20070302,346
20070303,335
20070304,574
20070305,270
20070306,141
20070307,275
20070308,387
20070309,253
20070310,488
20070311,540
20070312,418
20070313,343
20070314,348
20070315,339
20070316,358
20070317,436
20070318,282
20070319,243
20070320,213
20070321,245
20070322,211
20070323,246
20070324,407
20070325,533
20070326,351
20070327,397
20070328,423
20070329,262
20070330,297
20070331,415
20070401,524
20070402,392
20070403,247
20070404,345
20070405,332
20070406,466
20070407,502
20070408,530
20070409,520
20070410,357
20070411,422
20070412,421
20070413,510
20070414,631
20070415,668
20070416,410
20070417,320
20070418,377
20070419,331
20070420,388
20070421,586
20070422,631
20070423,407
20070424,425
20070425,442
20070426,352
20070427,403
20070428,506
20070429,519
20070430,489
20070501,468
20070502,439
20070503,402
20070504,387
20070505,470
20070506,439
20070507,183
20070508,236
20070509,293
20070510,254
20070511,254
20070512,370
20070513,483
20070514,242
20070515,356
20070516,314
20070517,572
20070518,471
20070519,487
20070520,501
20070521,325
20070522,302
20070523,370
20070524,351
20070525,345
20070526,361
20070527,343
20070528,412
20070529,219
20070530,323
20070531,268
20070601,343
20070602,446
20070603,425
20070604,290
20070605,281
20070606,292
20070607,250
20070608,247
20070609,326
20070610,386
20070611,267
20070612,241
20070613,282
20070614,190
20070615,258
20070616,292
20070617,324
20070618,281
20070619,363
20070620,283
20070621,208
20070622,253
20070623,293
20070624,299
20070625,219
20070626,156
20070627,228
20070628,234
20070629,152
20070630,328
20070701,370
20070702,229
20070703,213
20070704,204
20070705,219
20070706,132
20070707,304
20070708,379
20070709,252
20070710,238
20070711,196
20070712,196
20070713,253
20070714,316
20070715,321
20070716,237
20070717,220
20070718,239
20070719,235
20070720,180
20070721,280
20070722,288
20070723,173
20070724,179
20070725,268
20070726,167
20070727,183
20070728,279
20070729,224
20070730,179
20070731,272
20070801,342
20070802,267
20070803,311
20070804,342
20070805,335
20070806,265
20070807,271
20070808,281
20070809,215
20070810,288
20070811,389
20070812,405
20070813,311
20070814,277
20070815,208
20070816,238
20070817,269
20070818,383
20070819,420
20070820,284
20070821,264
20070822,261
20070823,304
20070824,349
20070825,421
20070826,376
20070827,287
20070828,311
20070829,333
20070830,250
20070831,223
20070901,399
20070902,385
20070903,234
20070904,237
20070905,259
20070906,265
20070907,292
20070908,382
20070909,390
20070910,217
20070911,261
20070912,298
20070913,310
20070914,275
20070915,472
20070916,460
20070917,159
20070918,194
20070919,240
20070920,170
20070921,278
20070922,438
20070923,522
20070924,227
20070925,204
20070926,214
20070927,284
20070928,255
20070929,299
20070930,488
20071001,268
20071002,274
20071003,279
20071004,290
20071005,441
20071006,577
20071007,574
20071008,300
20071009,271
20071010,305
20071011,296
20071012,313
20071013,536
20071014,579
20071015,372
20071016,289
20071017,207
20071018,291
20071019,347
20071020,556
20071021,479
20071022,401
20071023,335
20071024,298
20071025,284
20071026,314
20071027,434
20071028,420
20071029,183
20071030,265
20071031,264
20071101,310
20071102,251
20071103,410
20071104,523
20071105,290
20071106,238
20071107,217
20071108,228
20071109,287
20071110,485
20071111,540
20071112,336
20071113,212
20071114,312
20071115,346
20071116,315
20071117,504
20071118,573
20071119,246
20071120,251
20071121,250
20071122,311
20071123,268
20071124,452
20071125,379
20071126,249
20071127,282
20071128,230
20071129,170
20071130,222
20071201,445
20071202,218
20071203,240
20071204,265
20071205,213
20071206,172
20071207,217
20071208,453
20071209,490
20071210,272
20071211,253
20071212,269
20071213,266
20071214,272
20071215,490
20071216,530
20071217,274
20071218,263
20071219,280
20071220,228
20071221,305
20071222,591
20071223,526
20071224,375
20071225,379
20071226,440
20071227,341
20071228,399
20071229,419
20071230,457
20071231,362
20080101,529
20080102,547
20080103,450
20080104,507
20080105,491
20080106,725
20080107,276
20080108,345
20080109,347
20080110,307
20080111,295
20080112,528
20080113,614
20080114,362
20080115,194
20080116,350
20080117,267
20080118,288
20080119,311
20080120,424
20080121,220
20080122,434
20080123,283
20080124,268
20080125,396
20080126,508
20080127,576
20080128,361
20080129,331
20080130,293
20080131,184
20080201,358
20080202,542
20080203,627
20080204,346
20080205,233
20080206,307
20080207,364
20080208,514
20080209,652
20080210,757
20080211,540
20080212,422
20080213,269
20080214,295
20080215,421
20080216,628
20080217,706
20080218,430
20080219,346
20080220,353
20080221,267
20080222,270
20080223,565
20080224,712
20080225,546
20080226,285
20080227,436
20080228,476
20080229,424
20080301,393
20080302,555
20080303,357
20080304,345
20080305,427
20080306,308
20080307,386
20080308,648
20080309,402
20080310,291
20080311,265
20080312,217
20080313,419
20080314,505
20080315,800
20080316,432
20080317,454
20080318,419
20080319,446
20080320,313
20080321,382
20080322,553
20080323,679
20080324,620
20080325,328
20080326,400
20080327,425
20080328,461
20080329,678
20080330,627
20080331,666
20080401,533
20080402,529
20080403,483
20080404,596
20080405,650
20080406,787
20080407,533
20080408,578
20080409,609
20080410,573
20080411,598
20080412,690
20080413,786
20080414,471
20080415,459
20080416,540
20080417,556
20080418,504
20080419,678
20080420,884
20080421,670
20080422,649
20080423,606
20080424,498
20080425,564
20080426,844
20080427,914
20080428,518
20080429,505
20080430,547
20080501,727
20080502,641
20080503,734
20080504,789
20080505,654
20080506,551
20080507,610
20080508,564
20080509,553
20080510,706
20080511,634
20080512,722
20080513,447
20080514,477
20080515,450
20080516,390
20080517,422
20080518,676
20080519,429
20080520,431
20080521,495
20080522,422
20080523,508
20080524,661
20080525,473
20080526,389
20080527,407
20080528,462
20080529,383
20080530,419
20080531,512
20080601,653
20080602,398
20080603,410
20080604,399
20080605,346
20080606,438
20080607,516
20080608,549
20080609,327
20080610,337
20080611,334
20080612,266
20080613,280
20080614,421
20080615,455
20080616,332
20080617,341
20080618,353
20080619,252
20080620,352
20080621,446
20080622,403
20080623,318
20080624,373
20080625,330
20080626,317
20080627,284
20080628,361
20080629,422
20080630,396
20080701,454
20080702,288
20080703,214
20080704,365
20080705,406
20080706,427
20080707,220
20080708,219
20080709,257
20080710,240
20080711,324
20080712,387
20080713,443
20080714,349
20080715,302
20080716,354
20080717,262
20080718,300
20080719,302
20080720,373
20080721,200
20080722,372
20080723,386
20080724,380
20080725,394
20080726,371
20080727,430
20080728,321
20080729,338
20080730,368
20080731,322
20080801,297
20080802,374
20080803,342
20080804,299
20080805,369
20080806,374
20080807,257
20080808,258
20080809,390
20080810,298
20080811,331
20080812,267
20080813,224
20080814,336
20080815,403
20080816,478
20080817,466
20080818,246
20080819,296
20080820,270
20080821,289
20080822,283
20080823,477
20080824,506
20080825,378
20080826,324
20080827,315
20080828,332
20080829,405
20080830,546
20080831,604
20080901,323
20080902,221
20080903,327
20080904,302
20080905,311
20080906,445
20080907,395
20080908,368
20080909,456
20080910,436
20080911,435
20080912,272
20080913,562
20080914,649
20080915,387
20080916,350
20080917,345
20080918,378
20080919,397
20080920,530
20080921,532
20080922,345
20080923,246
20080924,317
20080925,361
20080926,418
20080927,599
20080928,568
20080929,321
20080930,171
20081001,236
20081002,265
20081003,362
20081004,570
20081005,199
20081006,388
20081007,384
20081008,386
20081009,411
20081010,447
20081011,573
20081012,639
20081013,436
20081014,398
20081015,331
20081016,335
20081017,433
20081018,598
20081019,583
20081020,398
20081021,275
20081022,389
20081023,389
20081024,279
20081025,595
20081026,310
20081027,312
20081028,265
20081029,373
20081030,322
20081031,431
20081101,405
20081102,760
20081103,309
20081104,286
20081105,324
20081106,385
20081107,427
20081108,606
20081109,495
20081110,221
20081111,240
20081112,332
20081113,388
20081114,306
20081115,517
20081116,654
20081117,394
20081118,242
20081119,348
20081120,267
20081121,274
20081122,521
20081123,541
20081124,353
20081125,365
20081126,406
20081127,261
20081128,341
20081129,547
20081130,449
20081201,355
20081202,302
20081203,334
20081204,203
20081205,302
20081206,533
20081207,673
20081208,294
20081209,210
20081210,343
20081211,233
20081212,333
20081213,540
20081214,648
20081215,299
20081216,221
20081217,266
20081218,236
20081219,374
20081220,472
20081221,546
20081222,446
20081223,358
20081224,420
20081225,454
20081226,540
20081227,625
20081228,686
20081229,569
20081230,601
20081231,467
20090101,695
20090102,750
20090103,782
20090104,629
20090105,451
20090106,520
20090107,479
20090108,439
20090109,583
20090110,787
20090111,825
20090112,424
20090113,286
20090114,395
20090115,444
20090116,481
20090117,574
20090118,539
20090119,287
20090120,413
20090121,475
20090122,259
20090123,264
20090124,705
20090125,763
20090126,491
20090127,430
20090128,445
20090129,442
20090130,524
20090131,614
20090201,659
20090202,353
20090203,366
20090204,442
20090205,349
20090206,514
20090207,569
20090208,682
20090209,361
20090210,258
20090211,388
20090212,385
20090213,424
20090214,786
20090215,584
20090216,424
20090217,418
20090218,485
20090219,346
20090220,412
20090221,723
20090222,680
20090223,416
20090224,535
20090225,419
20090226,483
20090227,396
20090228,771
20090301,1031
20090302,567
20090303,444
20090304,394
20090305,448
20090306,409
20090307,790
20090308,669
20090309,364
20090310,353
20090311,597
20090312,368
20090313,646
20090314,768
20090315,790
20090316,620
20090317,647
20090318,653
20090319,593
20090320,654
20090321,948
20090322,804
20090323,351
20090324,440
20090325,327
20090326,304
20090327,401
20090328,570
20090329,852
20090330,689
20090331,678
20090401,708
20090402,676
20090403,787
20090404,788
20090405,915
20090406,730
20090407,571
20090408,484
20090409,607
20090410,979
20090411,987
20090412,921
20090413,1003
20090414,640
20090415,750
20090416,595
20090417,524
20090418,849
20090419,950
20090420,681
20090421,616
20090422,555
20090423,593
20090424,685
20090425,936
20090426,886
20090427,577
20090428,515
20090429,700
20090430,822
20090501,877
20090502,805
20090503,692
20090504,621
20090505,424
20090506,474
20090507,594
20090508,540
20090509,857
20090510,810
20090511,514
20090512,585
20090513,670
20090514,593
20090515,501
20090516,730
20090517,627
20090518,535
20090519,544
20090520,611
20090521,793
20090522,681
20090523,756
20090524,780
20090525,529
20090526,287
20090527,400
20090528,489
20090529,551
20090530,611
20090531,660
20090601,747
20090602,425
20090603,414
20090604,361
20090605,477
20090606,595
20090607,565
20090608,528
20090609,371
20090610,448
20090611,394
20090612,522
20090613,696
20090614,545
20090615,459
20090616,402
20090617,484
20090618,416
20090619,363
20090620,471
20090621,530
20090622,420
20090623,437
20090624,424
20090625,415
20090626,431
20090627,463
20090628,532
20090629,396
20090630,384
20090701,459
20090702,435
20090703,385
20090704,515
20090705,512
20090706,359
20090707,280
20090708,282
20090709,327
20090710,241
20090711,483
20090712,363
20090713,419
20090714,440
20090715,384
20090716,416
20090717,295
20090718,314
20090719,401
20090720,359
20090721,370
20090722,346
20090723,308
20090724,246
20090725,412
20090726,484
20090727,333
20090728,384
20090729,383
20090730,228
20090731,404
20090801,490
20090802,362
20090803,418
20090804,405
20090805,446
20090806,393
20090807,372
20090808,442
20090809,508
20090810,343
20090811,374
20090812,289
20090813,434
20090814,423
20090815,503
20090816,500
20090817,400
20090818,406
20090819,435
20090820,311
20090821,379
20090822,537
20090823,564
20090824,427
20090825,341
20090826,431
20090827,360
20090828,277
20090829,419
20090830,524
20090831,444
20090901,378
20090902,412
20090903,247
20090904,354
20090905,540
20090906,639
20090907,446
20090908,465
20090909,386
20090910,345
20090911,379
20090912,553
20090913,470
20090914,324
20090915,292
20090916,372
20090917,372
20090918,487
20090919,661
20090920,589
20090921,415
20090922,313
20090923,317
20090924,348
20090925,389
20090926,584
20090927,647
20090928,340
20090929,290
20090930,323
20091001,383
20091002,406
20091003,488
20091004,660
20091005,355
20091006,318
20091007,317
20091008,436
20091009,540
20091010,588
20091011,608
20091012,370
20091013,406
20091014,452
20091015,406
20091016,325
20091017,676
20091018,836
20091019,493
20091020,473
20091021,485
20091022,357
20091023,568
20091024,619
20091025,696
20091026,314
20091027,442
20091028,487
20091029,370
20091030,458
20091031,670
20091101,498
20091102,400
20091103,302
20091104,303
20091105,235
20091106,421
20091107,502
20091108,680
20091109,405
20091110,326
20091111,328
20091112,318
20091113,282
20091114,497
20091115,531
20091116,302
20091117,324
20091118,200
20091119,344
20091120,425
20091121,654
20091122,519
20091123,195
20091124,272
20091125,241
20091126,218
20091127,311
20091128,369
20091129,525
20091130,408
20091201,494
20091202,367
20091203,273
20091204,349
20091205,443
20091206,460
20091207,410
20091208,336
20091209,291
20091210,255
20091211,365
20091212,624
20091213,647
20091214,359
20091215,416
20091216,354
20091217,307
20091218,492
20091219,683
20091220,532
20091221,555
20091222,410
20091223,484
20091224,595
20091225,310
20091226,627
20091227,573
20091228,684
20091229,517
20091230,423
20091231,427
20100101,851
20100102,882
20100103,1033
20100104,570
20100105,625
20100106,641
20100107,643
20100108,698
20100109,751
20100110,890
20100111,623
20100112,589
20100113,638
20100114,655
20100115,673
20100116,907
20100117,965
20100118,477
20100119,467
20100120,558
20100121,492
20100122,710
20100123,823
20100124,907
20100125,521
20100126,642
20100127,516
20100128,490
20100129,415
20100130,969
20100131,999
20100201,569
20100202,328
20100203,643
20100204,579
20100205,542
20100206,758
20100207,856
20100208,525
20100209,580
20100210,550
20100211,608
20100212,775
20100213,958
20100214,987
20100215,730
20100216,666
20100217,696
20100218,546
20100219,514
20100220,895
20100221,909
20100222,426
20100223,617
20100224,673
20100225,643
20100226,616
20100227,821
20100228,535
20100301,651
20100302,688
20100303,742
20100304,641
20100305,572
20100306,837
20100307,999
20100308,561
20100309,688
20100310,675
20100311,603
20100312,592
20100313,830
20100314,826
20100315,565
20100316,692
20100317,795
20100318,875
20100319,701
20100320,822
20100321,1092
20100322,759
20100323,866
20100324,985
20100325,834
20100326,708
20100327,973
20100328,927
20100329,689
20100330,701
20100331,514
20100401,552
20100402,926
20100403,831
20100404,767
20100405,1174
20100406,917
20100407,935
20100408,651
20100409,825
20100410,1006
20100411,919
20100412,680
20100413,762
20100414,753
20100415,676
20100416,707
20100417,1048
20100418,1193
20100419,803
20100420,703
20100421,715
20100422,790
20100423,1017
20100424,1221
20100425,1328
20100426,803
20100427,805
20100428,900
20100429,853
20100430,899
20100501,923
20100502,649
20100503,478
20100504,722
20100505,1000
20100506,713
20100507,491
20100508,870
20100509,912
20100510,734
20100511,564
20100512,488
20100513,957
20100514,1005
20100515,985
20100516,974
20100517,648
20100518,675
20100519,675
20100520,701
20100521,697
20100522,880
20100523,1022
20100524,981
20100525,607
20100526,503
20100527,584
20100528,593
20100529,811
20100530,499
20100531,523
20100601,660
20100602,652
20100603,600
20100604,655
20100605,774
20100606,724
20100607,505
20100608,461
20100609,444
20100610,432
20100611,461
20100612,701
20100613,696
20100614,450
20100615,429
20100616,486
20100617,489
20100618,390
20100619,388
20100620,501
20100621,500
20100622,556
20100623,541
20100624,456
20100625,508
20100626,621
20100627,582
20100628,414
20100629,417
20100630,457
20100701,482
20100702,385
20100703,491
20100704,599
20100705,439
20100706,379
20100707,476
20100708,475
20100709,423
20100710,485
20100711,456
20100712,364
20100713,456
20100714,388
20100715,419
20100716,420
20100717,461
20100718,615
20100719,489
20100720,433
20100721,461
20100722,443
20100723,438
20100724,550
20100725,486
20100726,370
20100727,477
20100728,464
20100729,384
20100730,519
20100731,417
20100801,654
20100802,436
20100803,535
20100804,364
20100805,435
20100806,585
20100807,467
20100808,598
20100809,553
20100810,386
20100811,510
20100812,484
20100813,497
20100814,679
20100815,490
20100816,527
20100817,294
20100818,468
20100819,525
20100820,582
20100821,637
20100822,582
20100823,285
20100824,377
20100825,518
20100826,262
20100827,399
20100828,635
20100829,463
20100830,391
20100831,538
20100901,568
20100902,559
20100903,595
20100904,744
20100905,876
20100906,532
20100907,355
20100908,420
20100909,498
20100910,436
20100911,754
20100912,571
20100913,514
20100914,213
20100915,409
20100916,391
20100917,507
20100918,737
20100919,632
20100920,379
20100921,524
20100922,634
20100923,530
20100924,490
20100925,639
20100926,728
20100927,326
20100928,491
20100929,651
20100930,384
20101001,707
20101002,773
20101003,1001
20101004,658
20101005,600
20101006,473
20101007,488
20101008,615
20101009,925
20101010,1000
20101011,543
20101012,495
20101013,463
20101014,442
20101015,440
20101016,688
20101017,972
20101018,571
20101019,455
20101020,483
20101021,491
20101022,608
20101023,562
20101024,819
20101025,660
20101026,608
20101027,385
20101028,490
20101029,706
20101030,811
20101031,838
20101101,600
20101102,477
20101103,524
20101104,349
20101105,435
20101106,762
20101107,965
20101108,594
20101109,473
20101110,520
20101111,314
20101112,398
20101113,741
20101114,620
20101115,644
20101116,501
20101117,532
20101118,499
20101119,546
20101120,813
20101121,903
20101122,541
20101123,453
20101124,492
20101125,396
20101126,506
20101127,656
20101128,927
20101129,459
20101130,578
20101201,521
20101202,497
20101203,675
20101204,675
20101205,711
20101206,466
20101207,454
20101208,491
20101209,475
20101210,502
20101211,695
20101212,903
20101213,520
20101214,511
20101215,508
20101216,234
20101217,536
20101218,957
20101219,961
20101220,702
20101221,594
20101222,576
20101223,537
20101224,644
20101225,915
20101226,892
20101227,747
20101228,699
20101229,769
20101230,755
20101231,540
20110101,1028
20110102,1218
20110103,758
20110104,674
20110105,715
20110106,453
20110107,531
20110108,812
20110109,1197
20110110,757
20110111,440
20110112,447
20110113,408
20110114,436
20110115,886
20110116,1178
20110117,572
20110118,520
20110119,630
20110120,681
20110121,668
20110122,950
20110123,940
20110124,569
20110125,502
20110126,636
20110127,597
20110128,767
20110129,994
20110130,929
20110131,564
20110201,528
20110202,457
20110203,625
20110204,389
20110205,591
20110206,828
20110207,622
20110208,832
20110209,771
20110210,555
20110211,614
20110212,758
20110213,1247
20110214,635
20110215,709
20110216,825
20110217,709
20110218,654
20110219,893
20110220,953
20110221,685
20110222,742
20110223,621
20110224,535
20110225,747
20110226,758
20110227,607
20110228,602
20110301,694
20110302,785
20110303,762
20110304,838
20110305,977
20110306,1180
20110307,896
20110308,1234
20110309,640
20110310,547
20110311,874
20110312,1302
20110313,1167
20110314,862
20110315,927
20110316,778
20110317,670
20110318,716
20110319,1205
20110320,1344
20110321,881
20110322,901
20110323,885
20110324,877
20110325,910
20110326,999
20110327,1347
20110328,893
20110329,972
20110330,820
20110331,518
20110401,813
20110402,1443
20110403,1160
20110404,853
20110405,595
20110406,971
20110407,909
20110408,981
20110409,1223
20110410,1342
20110411,1035
20110412,623
20110413,824
20110414,782
20110415,970
20110416,1177
20110417,1266
20110418,967
20110419,1074
20110420,1092
20110421,1043
20110422,1205
20110423,1403
20110424,1347
20110425,1464
20110426,837
20110427,830
20110428,830
20110429,883
20110430,1115
20110501,1243
20110502,934
20110503,959
20110504,959
20110505,1113
20110506,1057
20110507,1210
20110508,1167
20110509,803
20110510,776
20110511,950
20110512,698
20110513,809
20110514,911
20110515,887
20110516,489
20110517,664
20110518,684
20110519,723
20110520,905
20110521,1053
20110522,815
20110523,707
20110524,628
20110525,886
20110526,457
20110527,560
20110528,698
20110529,805
20110530,779
20110531,488
20110601,810
20110602,1044
20110603,837
20110604,918
20110605,791
20110606,564
20110607,673
20110608,603
20110609,659
20110610,573
20110611,730
20110612,980
20110613,768
20110614,741
20110615,709
20110616,381
20110617,543
20110618,443
20110619,504
20110620,668
20110621,559
20110622,539
20110623,455
20110624,541
20110625,412
20110626,845
20110627,667
20110628,495
20110629,472
20110630,522
20110701,539
20110702,645
20110703,714
20110704,598
20110705,666
20110706,518
20110707,550
20110708,535
20110709,655
20110710,865
20110711,665
20110712,500
20110713,231
20110714,217
20110715,615
20110716,486
20110717,570
20110718,372
20110719,630
20110720,584
20110721,465
20110722,422
20110723,445
20110724,279
20110725,525
20110726,442
20110727,621
20110728,544
20110729,478
20110730,626
20110731,765
20110801,641
20110802,658
20110803,508
20110804,556
20110805,587
20110806,597
20110807,636
20110808,369
20110809,455
20110810,566
20110811,410
20110812,589
20110813,647
20110814,673
20110815,649
20110816,628
20110817,642
20110818,505
20110819,581
20110820,843
20110821,777
20110822,575
20110823,484
20110824,540
20110825,638
20110826,481
20110827,682
20110828,696
20110829,513
20110830,558
20110831,603
20110901,622
20110902,815
20110903,937
20110904,730
20110905,462
20110906,324
20110907,493
20110908,441
20110909,557
20110910,926
20110911,783
20110912,408
20110913,525
20110914,573
20110915,674
20110916,785
20110917,777
20110918,789
20110919,570
20110920,488
20110921,519
20110922,548
20110923,662
20110924,911
20110925,1003
20110926,586
20110927,581
20110928,670
20110929,626
20110930,776
20111001,978
20111002,1102
20111003,637
20111004,516
20111005,470
20111006,380
20111007,574
20111008,844
20111009,817
20111010,471
20111011,402
20111012,406
20111013,733
20111014,911
20111015,1213
20111016,1228
20111017,749
20111018,475
20111019,603
20111020,598
20111021,812
20111022,1039
20111023,1156
20111024,729
20111025,435
20111026,656
20111027,652
20111028,729
20111029,945
20111030,912
20111031,757
20111101,671
20111102,614
20111103,569
20111104,685
20111105,966
20111106,896
20111107,403
20111108,514
20111109,538
20111110,464
20111111,682
20111112,1065
20111113,965
20111114,604
20111115,521
20111116,572
20111117,415
20111118,551
20111119,862
20111120,637
20111121,314
20111122,494
20111123,435
20111124,519
20111125,413
20111126,648
20111127,604
20111128,566
20111129,450
20111130,593
20111201,321
20111202,540
20111203,481
20111204,744
20111205,431
20111206,418
20111207,331
20111208,384
20111209,545
20111210,907
20111211,893
20111212,504
20111213,324
20111214,430
20111215,322
20111216,316
20111217,955
20111218,876
20111219,558
20111220,372
20111221,471
20111222,372
20111223,464
20111224,864
20111225,615
20111226,744
20111227,741
20111228,636
20111229,521
20111230,826
20111231,531
20120101,902
20120102,1019
20120103,419
20120104,820
20120105,523
20120106,922
20120107,920
20120108,1153
20120109,636
20120110,731
20120111,601
20120112,476
20120113,804
20120114,1282
20120115,1335
20120116,779
20120117,797
20120118,503
20120119,400
20120120,553
20120121,708
20120122,778
20120123,594
20120124,701
20120125,581
20120126,435
20120127,781
20120128,1071
20120129,1044
20120130,539
20120131,723
20120201,745
20120202,705
20120203,727
20120204,1184
20120205,1231
20120206,834
20120207,797
20120208,797
20120209,769
20120210,943
20120211,1206
20120212,1089
20120213,630
20120214,675
20120215,616
20120216,681
20120217,800
20120218,814
20120219,1030
20120220,842
20120221,712
20120222,778
20120223,711
20120224,716
20120225,1235
20120226,1219
20120227,681
20120228,652
20120229,834
20120301,823
20120302,1005
20120303,1262
20120304,1273
20120305,815
20120306,1104
20120307,544
20120308,806
20120309,903
20120310,1075
20120311,1514
20120312,877
20120313,775
20120314,804
20120315,1097
20120316,999
20120317,1280
20120318,1079
20120319,973
20120320,975
20120321,1073
20120322,1009
20120323,1147
20120324,1361
20120325,1356
20120326,947
20120327,964
20120328,1003
20120329,678
20120330,714
20120331,938
20120401,1180
20120402,914
20120403,979
20120404,798
20120405,963
20120406,1219
20120407,1106
20120408,1318
20120409,807
20120410,682
20120411,1033
20120412,1119
20120413,1203
20120414,1469
20120415,1155
20120416,916
20120417,650
20120418,832
20120419,874
20120420,1010
20120421,1090
20120422,1151
20120423,865
20120424,955
20120425,920
20120426,828
20120427,1235
20120428,1053
20120429,1505
20120430,1631
20120501,1173
20120502,1200
20120503,1010
20120504,1072
20120505,1156
20120506,1311
20120507,1161
20120508,855
20120509,938
20120510,703
20120511,894
20120512,1246
20120513,1346
20120514,1057
20120515,675
20120516,761
20120517,1353
20120518,1124
20120519,1252
20120520,1221
20120521,887
20120522,925
20120523,876
20120524,886
20120525,836
20120526,1093
20120527,1243
20120528,1213
20120529,780
20120530,826
20120531,482
20120601,755
20120602,1040
20120603,643
20120604,483
20120605,877
20120606,640
20120607,649
20120608,624
20120609,667
20120610,1105
20120611,620
20120612,638
20120613,654
20120614,802
20120615,493
20120616,847
20120617,826
20120618,597
20120619,813
20120620,746
20120621,564
20120622,520
20120623,801
20120624,442
20120625,561
20120626,788
20120627,577
20120628,636
20120629,686
20120630,810
20120701,735
20120702,687
20120703,672
20120704,697
20120705,594
20120706,607
20120707,832
20120708,507
20120709,482
20120710,572
20120711,434
20120712,574
20120713,419
20120714,509
20120715,821
20120716,389
20120717,530
20120718,472
20120719,441
20120720,676
20120721,787
20120722,870
20120723,698
20120724,691
20120725,685
20120726,610
20120727,570
20120728,622
20120729,824
20120730,503
20120731,507
20120801,680
20120802,605
20120803,621
20120804,754
20120805,739
20120806,491
20120807,475
20120808,637
20120809,638
20120810,677
20120811,772
20120812,918
20120813,706
20120814,695
20120815,717
20120816,713
20120817,745
20120818,766
20120819,752
20120820,648
20120821,626
20120822,668
20120823,701
20120824,729
20120825,619
20120826,669
20120827,744
20120828,674
20120829,905
20120830,656
20120831,474
20120901,970
20120902,936
20120903,721
20120904,701
20120905,642
20120906,603
20120907,673
20120908,912
20120909,1031
20120910,641
20120911,474
20120912,578
20120913,588
20120914,484
20120915,949
20120916,962
20120917,622
20120918,520
20120919,517
20120920,532
20120921,665
20120922,838
20120923,898
20120924,388
20120925,545
20120926,585
20120927,520
20120928,659
20120929,863
20120930,1078
20121001,653
20121002,615
20121003,401
20121004,528
20121005,501
20121006,909
20121007,1128
20121008,731
20121009,636
20121010,708
20121011,722
20121012,598
20121013,902
20121014,966
20121015,763
20121016,505
20121017,607
20121018,611
20121019,934
20121020,1027
20121021,987
20121022,849
20121023,710
20121024,621
20121025,578
20121026,768
20121027,892
20121028,1124
20121029,429
20121030,591
20121031,695
20121101,481
20121102,592
20121103,740
20121104,973
20121105,602
20121106,693
20121107,585
20121108,569
20121109,784
20121110,864
20121111,1220
20121112,654
20121113,501
20121114,763
20121115,504
20121116,606
20121117,879
20121118,910
20121119,439
20121120,603
20121121,504
20121122,668
20121123,394
20121124,593
20121125,549
20121126,510
20121127,498
20121128,589
20121129,595
20121130,686
20121201,720
20121202,937
20121203,342
20121204,448
20121205,596
20121206,659
20121207,519
20121208,1225
20121209,554
20121210,440
20121211,696
20121212,564
20121213,640
20121214,545
20121215,969
20121216,916
20121217,443
20121218,446
20121219,589
20121220,444
20121221,534
20121222,700
20121223,759
20121224,762
20121225,680
20121226,931
20121227,823
20121228,779
20121229,1014
20121230,864
20121231,520
20130101,1169
20130102,1195
20130103,922
20130104,880
20130105,1082
20130106,1326
20130107,636
20130108,659
20130109,505
20130110,759
20130111,931
20130112,1359
20130113,1388
20130114,843
20130115,742
20130116,921
20130117,801
20130118,914
20130119,1248
20130120,1108
20130121,799
20130122,970
20130123,996
20130124,1028
20130125,1075
20130126,1321
20130127,862
20130128,842
20130129,467
20130130,637
20130131,557
20130201,590
20130202,1081
20130203,1005
20130204,725
20130205,609
20130206,797
20130207,670
20130208,864
20130209,1153
20130210,1214
20130211,737
20130212,782
20130213,918
20130214,588
20130215,907
20130216,1295
20130217,1442
20130218,1055
20130219,743
20130220,935
20130221,813
20130222,869
20130223,1053
20130224,845
20130225,694
20130226,848
20130227,837
20130228,917
20130301,913
20130302,1185
20130303,1347
20130304,1523
20130305,1974
20130306,1346
20130307,945
20130308,1130
20130309,765
20130310,1199
20130311,776
20130312,871
20130313,1017
20130314,958
20130315,837
20130316,1315
20130317,1445
20130318,1101
20130319,915
20130320,823
20130321,1017
20130322,994
20130323,1054
20130324,1096
20130325,887
20130326,1010
20130327,1123
20130328,1046
20130329,1265
20130330,1410
20130331,1380
20130401,1833
20130402,1169
20130403,1147
20130404,975
20130405,1112
20130406,1554
20130407,1910
20130408,1334
20130409,1326
20130410,1286
20130411,987
20130412,1352
20130413,1801
20130414,2077
20130415,1503
20130416,1302
20130417,1489
20130418,1038
20130419,1242
20130420,1595
20130421,1851
20130422,1335
20130423,1094
20130424,1450
20130425,1475
20130426,805
20130427,1430
20130428,1671
20130429,1121
20130430,1391
20130501,1288
20130502,1054
20130503,1322
20130504,1296
20130505,1596
20130506,1271
20130507,1157
20130508,1079
20130509,1472
20130510,1006
20130511,1089
20130512,1157
20130513,764
20130514,846
20130515,1055
20130516,660
20130517,865
20130518,1222
20130519,1592
20130520,1206
20130521,684
20130522,889
20130523,769
20130524,955
20130525,1200
20130526,993
20130527,1250
20130528,1169
20130529,710
20130530,950
20130531,1046
20130601,1023
20130602,1319
20130603,849
20130604,997
20130605,1055
20130606,953
20130607,1007
20130608,1084
20130609,1041
20130610,828
20130611,911
20130612,732
20130613,525
20130614,875
20130615,821
20130616,997
20130617,823
20130618,888
20130619,785
20130620,667
20130621,487
20130622,841
20130623,661
20130624,587
20130625,761
20130626,736
20130627,620
20130628,527
20130629,785
20130630,998
20130701,754
20130702,823
20130703,557
20130704,691
20130705,781
20130706,945
20130707,878
20130708,676
20130709,678
20130710,594
20130711,579
20130712,656
20130713,874
20130714,833
20130715,753
20130716,701
20130717,723
20130718,596
20130719,596
20130720,743
20130721,801
20130722,642
20130723,607
20130724,629
20130725,684
20130726,630
20130727,680
20130728,784
20130729,621
20130730,484
20130731,585
20130801,717
20130802,611
20130803,762
20130804,882
20130805,707
20130806,661
20130807,367
20130808,692
20130809,733
20130810,770
20130811,829
20130812,647
20130813,539
20130814,737
20130815,612
20130816,757
20130817,796
20130818,699
20130819,573
20130820,722
20130821,768
20130822,687
20130823,842
20130824,892
20130825,1046
20130826,857
20130827,811
20130828,775
20130829,760
20130830,746
20130831,814
20130901,913
20130902,567
20130903,735
20130904,804
20130905,737
20130906,744
20130907,917
20130908,906
20130909,583
20130910,422
20130911,626
20130912,640
20130913,661
20130914,597
20130915,1013
20130916,509
20130917,422
20130918,561
20130919,551
20130920,671
20130921,1034
20130922,1010
20130923,727
20130924,709
20130925,839
20130926,874
20130927,945
20130928,1073
20130929,1015
20130930,776
20131001,729
20131002,688
20131003,719
20131004,751
20131005,1177
20131006,1196
20131007,801
20131008,687
20131009,609
20131010,576
20131011,457
20131012,1193
20131013,560
20131014,705
20131015,686
20131016,896
20131017,565
20131018,850
20131019,1260
20131020,1179
20131021,795
20131022,927
20131023,670
20131024,938
20131025,739
20131026,1081
20131027,559
20131028,275
20131029,498
20131030,755
20131031,552
20131101,542
20131102,916
20131103,761
20131104,412
20131105,505
20131106,613
20131107,549
20131108,838
20131109,1005
20131110,1041
20131111,736
20131112,432
20131113,845
20131114,422
20131115,768
20131116,808
20131117,922
20131118,532
20131119,413
20131120,562
20131121,574
20131122,583
20131123,967
20131124,949
20131125,763
20131126,732
20131127,662
20131128,613
20131129,418
20131130,1007
20131201,1118
20131202,704
20131203,625
20131204,467
20131205,302
20131206,483
20131207,821
20131208,959
20131209,609
20131210,692
20131211,655
20131212,616
20131213,678
20131214,1015
20131215,1018
20131216,598
20131217,492
20131218,579
20131219,507
20131220,797
20131221,570
20131222,760
20131223,816
20131224,299
20131225,940
20131226,997
20131227,438
20131228,1070
20131229,1284
20131230,787
20131231,799
20140101,1337
20140102,1098
20140103,1005
20140104,1324
20140105,1562
20140106,678
20140107,700
20140108,866
20140109,455
20140110,1043
20140111,1140
20140112,1613
20140113,834
20140114,748
20140115,608
20140116,565
20140117,911
20140118,1512
20140119,1559
20140120,673
20140121,790
20140122,938
20140123,559
20140124,912
20140125,1176
20140126,1270
20140127,770
20140128,691
20140129,770
20140130,876
20140131,1058
20140201,883
20140202,1466
20140203,1012
20140204,855
20140205,752
20140206,687
20140207,465
20140208,827
20140209,823
20140210,835
20140211,752
20140212,852
20140213,727
20140214,1019
20140215,862
20140216,1348
20140217,1037
20140218,840
20140219,920
20140220,636
20140221,868
20140222,1164
20140223,1453
20140224,1495
20140225,945
20140226,1173
20140227,728
20140228,1025
20140301,1244
20140302,1542
20140303,791
20140304,1129
20140305,1215
20140306,1089
20140307,1070
20140308,1718
20140309,1957
20140310,1279
20140311,1023
20140312,1280
20140313,1221
20140314,1058
20140315,1194
20140316,1455
20140317,946
20140318,826
20140319,964
20140320,1239
20140321,782
20140322,1168
20140323,1348
20140324,1052
20140325,1112
20140326,977
20140327,987
20140328,1249
20140329,1609
20140330,1830
20140331,1282
20140401,1274
20140402,1307
20140403,1279
20140404,1142
20140405,1609
20140406,1377
20140407,1162
20140408,725
20140409,1148
20140410,1228
20140411,1350
20140412,1579
20140413,1509
20140414,817
20140415,1009
20140416,1408
20140417,1054
20140418,1097
20140419,1602
20140420,1619
20140421,1672
20140422,1397
20140423,1375
20140424,1103
20140425,1387
20140426,1536
20140427,1493
20140428,1237
20140429,1157
20140430,1322
20140501,1244
20140502,1102
20140503,1564
20140504,1555
20140505,1530
20140506,1196
20140507,996
20140508,712
20140509,899
20140510,997
20140511,762
20140512,884
20140513,1117
20140514,1079
20140515,1163
20140516,1347
20140517,1590
20140518,1581
20140519,1214
20140520,1216
20140521,1086
20140522,1040
20140523,1080
20140524,1282
20140525,1509
20140526,792
20140527,539
20140528,578
20140529,1139
20140530,1349
20140531,1341
20140601,1408
20140602,1080
20140603,922
20140604,632
20140605,617
20140606,1082
20140607,1312
20140608,1273
20140609,1196
20140610,758
20140611,954
20140612,818
20140613,786
20140614,905
20140615,973
20140616,568
20140617,704
20140618,692
20140619,611
20140620,742
20140621,1060
20140622,1092
20140623,796
20140624,680
20140625,791
20140626,864
20140627,760
20140628,868
20140629,860
20140630,680
20140701,769
20140702,845
20140703,886
20140704,807
20140705,606
20140706,703
20140707,804
20140708,334
20140709,325
20140710,821
20140711,824
20140712,972
20140713,823
20140714,690
20140715,724
20140716,875
20140717,733
20140718,627
20140719,708
20140720,820
20140721,436
20140722,710
20140723,718
20140724,802
20140725,621
20140726,845
20140727,914
20140728,584
20140729,731
20140730,788
20140731,768
20140801,869
20140802,847
20140803,975
20140804,795
20140805,885
20140806,678
20140807,821
20140808,717
20140809,856
20140810,802
20140811,627
20140812,664
20140813,828
20140814,779
20140815,752
20140816,941
20140817,639
20140818,532
20140819,630
20140820,815
20140821,826
20140822,608
20140823,1015
20140824,1145
20140825,734
20140826,688
20140827,1216
20140828,898
20140829,919
20140830,871
20140831,1076
20140901,868
20140902,877
20140903,939
20140904,959
20140905,951
20140906,1060
20140907,1217
20140908,966
20140909,700
20140910,795
20140911,855
20140912,901
20140913,1126
20140914,1211
20140915,863
20140916,866
20140917,989
20140918,833
20140919,888
20140920,1001
20140921,942
20140922,664
20140923,836
20140924,531
20140925,710
20140926,702
20140927,1213
20140928,1319
20140929,786
20140930,776
20141001,832
20141002,938
20141003,1071
20141004,1387
20141005,1108
20141006,821
20141007,652
20141008,704
20141009,776
20141010,1068
20141011,1324
20141012,1422
20141013,886
20141014,807
20141015,1000
20141016,754
20141017,954
20141018,1356
20141019,1221
20141020,848
20141021,410
20141022,755
20141023,800
20141024,656
20141025,1122
20141026,1266
20141027,920
20141028,856
20141029,570
20141030,814
20141031,971
20141101,1325
20141102,1147
20141103,487
20141104,741
20141105,719
20141106,684
20141107,665
20141108,1205
20141109,1563
20141110,832
20141111,1047
20141112,798
20141113,835
20141114,732
20141115,787
20141116,579
20141117,761
20141118,588
20141119,644
20141120,661
20141121,891
20141122,1092
20141123,1285
20141124,763
20141125,708
20141126,770
20141127,630
20141128,761
20141129,910
20141130,927
20141201,554
20141202,570
20141203,550
20141204,582
20141205,638
20141206,1138
20141207,695
20141208,537
20141209,596
20141210,582
20141211,416
20141212,301
20141213,1022
20141214,1164
20141215,576
20141216,584
20141217,364
20141218,415
20141219,546
20141220,733
20141221,982
20141222,486
20141223,705
20141224,656
20141225,876
20141226,1206
20141227,580
20141228,1454
20141229,1003
20141230,1046
20141231,1026
20150101,1371
20150102,1319
20150103,1071
20150104,1694
20150105,913
20150106,935
20150107,1031
20150108,395
20150109,600
20150110,744
20150111,1231
20150112,605
20150113,536
20150114,856
20150115,481
20150116,1107
20150117,1615
20150118,1059
20150119,845
20150120,901
20150121,1020
20150122,882
20150123,1081
20150124,1464
20150125,1480
20150126,634
20150127,970
20150128,475
20150129,597
20150130,973
20150131,1424
20150201,1330
20150202,866
20150203,1085
20150204,1101
20150205,910
20150206,1111
20150207,1358
20150208,1413
20150209,819
20150210,912
20150211,951
20150212,901
20150213,1197
20150214,1480
20150215,1614
20150216,1176
20150217,945
20150218,1053
20150219,946
20150220,557
20150221,1159
20150222,1566
20150223,946
20150224,860
20150225,1002
20150226,846
20150227,1279
20150228,1453
20150301,1238
20150302,904
20150303,743
20150304,914
20150305,1140
20150306,1117
20150307,1538
20150308,1960
20150309,1163
20150310,1137
20150311,1191
20150312,1261
20150313,1358
20150314,1343
20150315,1338
20150316,1244
20150317,1482
20150318,1201
20150319,1052
20150320,1088
20150321,1098
20150322,1556
20150323,1199
20150324,1117
20150325,684
20150326,776
20150327,984
20150328,1112
20150329,610
20150330,831
20150331,557
20150401,857
20150402,1009
20150403,1481
20150404,1433
20150405,1854
20150406,1788
20150407,1248
20150408,1363
20150409,1576
20150410,1880
20150411,1502
20150412,2045
20150413,1444
20150414,1512
20150415,1762
20150416,1410
20150417,1443
20150418,1859
20150419,1900
20150420,1498
20150421,1466
20150422,1246
20150423,1374
20150424,1634
20150425,1384
20150426,1512
20150427,1800
20150428,1094
20150429,1181
20150430,1151
20150501,1404
20150502,1817
20150503,1391
20150504,1595
20150505,1350
20150506,1030
20150507,1266
20150508,1541
20150509,1162
20150510,1743
20150511,1326
20150512,1064
20150513,1308
20150514,1617
20150515,1434
20150516,1192
20150517,1476
20150518,742
20150519,844
20150520,1048
20150521,1164
20150522,1260
20150523,1410
20150524,1728
20150525,1414
20150526,891
20150527,1152
20150528,812
20150529,785
20150530,1160
20150531,922
20150601,1047
20150602,544
20150603,1047
20150604,1194
20150605,1141
20150606,1232
20150607,1412
20150608,881
20150609,793
20150610,1168
20150611,977
20150612,1093
20150613,919
20150614,1232
20150615,956
20150616,932
20150617,893
20150618,750
20150619,756
20150620,1140
20150621,980
20150622,683
20150623,606
20150624,954
20150625,961
20150626,909
20150627,975
20150628,1071
20150629,909
20150630,854
20150701,827
20150702,697
20150703,877
20150704,815
20150705,861
20150706,779
20150707,715
20150708,466
20150709,632
20150710,914
20150711,1024
20150712,720
20150713,521
20150714,623
20150715,677
20150716,881
20150717,738
20150718,993
20150719,807
20150720,691
20150721,742
20150722,781
20150723,795
20150724,811
20150725,394
20150726,823
20150727,416
20150728,505
20150729,572
20150730,660
20150731,959
20150801,1120
20150802,1132
20150803,875
20150804,726
20150805,890
20150806,844
20150807,869
20150808,947
20150809,1070
20150810,890
20150811,838
20150812,861
20150813,851
20150814,890
20150815,928
20150816,728
20150817,390
20150818,715
20150819,999
20150820,1031
20150821,1089
20150822,1176
20150823,1165
20150824,777
20150825,624
20150826,816
20150827,515
20150828,1009
20150829,1184
20150830,1218
20150831,651
20150901,711
20150902,782
20150903,625
20150904,504
20150905,794
20150906,1105
20150907,819
20150908,879
20150909,1037
20150910,972
20150911,1124
20150912,1171
20150913,1256
20150914,625
20150915,527
20150916,539
20150917,555
20150918,933
20150919,1141
20150920,1278
20150921,801
20150922,660
20150923,755
20150924,578
20150925,861
20150926,1241
20150927,1368
20150928,940
20150929,889
20150930,1053
20151001,964
20151002,1049
20151003,1409
20151004,1358
20151005,884
20151006,699
20151007,751
20151008,789
20151009,1138
20151010,1308
20151011,1335
20151012,826
20151013,654
20151014,656
20151015,618
20151016,745
20151017,1237
20151018,1277
20151019,1097
20151020,988
20151021,857
20151022,770
20151023,1122
20151024,1236
20151025,1413
20151026,1066
20151027,1007
20151028,857
20151029,919
20151030,1008
20151031,1329
20151101,1388
20151102,802
20151103,981
20151104,869
20151105,706
20151106,766
20151107,976
20151108,1394
20151109,628
20151110,539
20151111,783
20151112,933
20151113,725
20151114,1081
20151115,681
20151116,569
20151117,535
20151118,721
20151119,509
20151120,800
20151121,1026
20151122,1188
20151123,948
20151124,302
20151125,656
20151126,880
20151127,751
20151128,998
20151129,709
20151130,429
20151201,561
20151202,855
20151203,783
20151204,932
20151205,890
20151206,972
20151207,786
20151208,762
20151209,930
20151210,631
20151211,535
20151212,1157
20151213,1272
20151214,815
20151215,783
20151216,486
20151217,812
20151218,870
20151219,1154
20151220,1287
20151221,700
20151222,519
20151223,942
20151224,855
20151225,977
20151226,1074
20151227,1037
20151228,1341
20151229,1096
20151230,1191
20151231,942
20160101,1693
20160102,1294
20160103,1408
20160104,975
20160105,961
20160106,940
20160107,704
20160108,1291
20160109,1486
20160110,1652
20160111,851
20160112,774
20160113,855
20160114,632
20160115,973
20160116,1527
20160117,1967
20160118,1201
20160119,1109
20160120,1041
20160121,969
20160122,1186
20160123,1692
20160124,1133
20160125,1249
20160126,977
20160127,500
20160128,1122
20160129,705
20160130,918
20160131,1256
20160201,692
20160202,819
20160203,979
20160204,677
20160205,967
20160206,1371
20160207,1359
20160208,614
20160209,717
20160210,909
20160211,1172
20160212,1247
20160213,1539
20160214,848
20160215,980
20160216,1279
20160217,1271
20160218,896
20160219,1323
20160220,1017
20160221,872
20160222,875
20160223,1096
20160224,1203
20160225,1037
20160226,1259
20160227,1700
20160228,1716
20160229,1294
20160301,758
20160302,917
20160303,1205
20160304,750
20160305,1637
20160306,1645
20160307,1170
20160308,1133
20160309,1296
20160310,1383
20160311,1292
20160312,1812
20160313,1837
20160314,1154
20160315,1061
20160316,1146
20160317,1404
20160318,1068
20160319,1546
20160320,1576
20160321,1106
20160322,1192
20160323,1196
20160324,1134
20160325,1228
20160326,2167
20160327,1608
20160328,1299
20160329,1187
20160330,1498
20160331,1469
20160401,1879
20160402,2108
20160403,2269
20160404,1537
20160405,1410
20160406,1113
20160407,1147
20160408,1610
20160409,2005
20160410,2117
20160411,1682
20160412,1504
20160413,1626
20160414,1624
20160415,1334
20160416,1641
20160417,1981
20160418,1379
20160419,1409
20160420,1659
20160421,1774
20160422,1674
20160423,1656
20160424,1463
20160425,1020
20160426,869
20160427,1413
20160428,1560
20160429,1213
20160430,1897
20160501,2251
20160502,1750
20160503,1500
20160504,1724
20160505,2100
20160506,1922
20160507,2007
20160508,1865
20160509,1480
20160510,1389
20160511,1580
20160512,1491
20160513,1405
20160514,1418
20160515,1437
20160516,1773
20160517,1362
20160518,1211
20160519,1288
20160520,1172
20160521,1748
20160522,1200
20160523,584
20160524,1056
20160525,1251
20160526,1360
20160527,1328
20160528,1538
20160529,1340
20160530,731
20160531,1170
20160601,1061
20160602,898
20160603,1164
20160604,1383
20160605,1401
20160606,1149
20160607,1046
20160608,1116
20160609,1102
20160610,1129
20160611,1189
20160612,1120
20160613,746
20160614,790
20160615,870
20160616,1000
20160617,850
20160618,991
20160619,1267
20160620,435
20160621,858
20160622,1084
20160623,839
20160624,985
20160625,998
20160626,1010
20160627,674
20160628,940
20160629,738
20160630,656
20160701,708
20160702,1045
20160703,1209
20160704,1070
20160705,685
20160706,951
20160707,909
20160708,795
20160709,1084
20160710,1117
20160711,704
20160712,809
20160713,785
20160714,772
20160715,923
20160716,999
20160717,1095
20160718,936
20160719,897
20160720,777
20160721,867
20160722,779
20160723,993
20160724,1137
20160725,881
20160726,904
20160727,699
20160728,788
20160729,783
20160730,997
20160731,1044
20160801,912
20160802,536
20160803,590
20160804,802
20160805,978
20160806,1067
20160807,1043
20160808,794
20160809,773
20160810,820
20160811,429
20160812,915
20160813,1063
20160814,1147
20160815,1008
20160816,962
20160817,1070
20160818,1108
20160819,971
20160820,1144
20160821,816
20160822,726
20160823,1056
20160824,1015
20160825,935
20160826,1003
20160827,1200
20160828,1086
20160829,869
20160830,963
20160831,1031
20160901,919
20160902,909
20160903,1230
20160904,805
20160905,1039
20160906,1010
20160907,1104
20160908,931
20160909,997
20160910,1214
20160911,1205
20160912,953
20160913,886
20160914,963
20160915,897
20160916,956
20160917,1357
20160918,1352
20160919,934
20160920,1005
20160921,1081
20160922,978
20160923,1093
20160924,1446
20160925,1317
20160926,958
20160927,974
20160928,835
20160929,596
20160930,995
20161001,1365
20161002,1085
20161003,1064
20161004,1205
20161005,1059
20161006,938
20161007,1141
20161008,1588
20161009,1531
20161010,964
20161011,884
20161012,849
20161013,752
20161014,1055
20161015,1369
20161016,1763
20161017,1239
20161018,825
20161019,861
20161020,848
20161021,1223
20161022,1477
20161023,1509
20161024,790
20161025,894
20161026,1087
20161027,879
20161028,880
20161029,1421
20161030,1406
20161031,1037
20161101,802
20161102,800
20161103,825
20161104,880
20161105,1173
20161106,1154
20161107,698
20161108,926
20161109,728
20161110,766
20161111,1159
20161112,1324
20161113,1135
20161114,667
20161115,529
20161116,724
20161117,664
20161118,696
20161119,1127
20161120,537
20161121,722
20161122,848
20161123,857
20161124,794
20161125,938
20161126,1069
20161127,1182
20161128,968
20161129,945
20161130,851
20161201,704
20161202,843
20161203,1262
20161204,1427
20161205,1013
20161206,965
20161207,800
20161208,779
20161209,680
20161210,827
20161211,1170
20161212,796
20161213,512
20161214,781
20161215,596
20161216,966
20161217,1129
20161218,1327
20161219,873
20161220,765
20161221,666
20161222,611
20161223,766
20161224,926
20161225,699
20161226,1037
20161227,1309
20161228,972
20161229,1023
20161230,1185
20161231,759
20170101,1246
20170102,1440
20170103,1194
20170104,1011
20170105,1526
20170106,1466
20170107,1033
20170108,1540
20170109,825
20170110,1035
20170111,775
20170112,831
20170113,911
20170114,1371
20170115,1698
20170116,1131
20170117,1114
20170118,1142
20170119,1197
20170120,1293
20170121,1702
20170122,1925
20170123,958
20170124,787
20170125,1035
20170126,1194
20170127,1271
20170128,1644
20170129,1416
20170130,709
20170131,944
20170201,911
20170202,1138
20170203,1199
20170204,1481
20170205,1699
20170206,1052
20170207,635
20170208,742
20170209,781
20170210,910
20170211,1236
20170212,1555
20170213,1165
20170214,1319
20170215,1461
20170216,1044
20170217,1082
20170218,1713
20170219,1461
20170220,924
20170221,1322
20170222,640
20170223,601
20170224,1434
20170225,1350
20170226,1397
20170227,926
20170228,1120
20170301,1343
20170302,870
20170303,1449
20170304,1822
20170305,1647
20170306,1186
20170307,1158
20170308,656
20170309,1100
20170310,1679
20170311,1990
20170312,2288
20170313,1554
20170314,1330
20170315,1509
20170316,1565
20170317,1192
20170318,1111
20170319,1336
20170320,741
20170321,1216
20170322,1570
20170323,1447
20170324,1536
20170325,1837
20170326,1909
20170327,1663
20170328,1670
20170329,1146
20170330,1672
20170331,1789
20170401,1699
20170402,2204
20170403,1514
20170404,1577
20170405,1266
20170406,1217
20170407,1432
20170408,1895
20170409,2274
20170410,1273
20170411,1326
20170412,1054
20170413,1329
20170414,1531
20170415,1652
20170416,1681
20170417,1834
20170418,1316
20170419,1507
20170420,1546
20170421,1388
20170422,1714
20170423,1922
20170424,1349
20170425,1264
20170426,1524
20170427,1754
20170428,1667
20170429,2122
20170430,2323
20170501,1576
20170502,1475
20170503,1615
20170504,1477
20170505,1814
20170506,2487
20170507,2067
20170508,1455
20170509,1598
20170510,1700
20170511,1724
20170512,1315
20170513,1767
20170514,1779
20170515,1425
20170516,1455
20170517,1491
20170518,1054
20170519,945
20170520,1740
20170521,1904
20170522,1425
20170523,1207
20170524,1212
20170525,1731
20170526,1536
20170527,1512
20170528,1524
20170529,1164
20170530,1007
20170531,1230
20170601,1250
20170602,1258
20170603,1270
20170604,1473
20170605,1506
20170606,534
20170607,641
20170608,1015
20170609,862
20170610,1448
20170611,1342
20170612,832
20170613,1027
20170614,1171
20170615,944
20170616,927
20170617,1210
20170618,1284
20170619,944
20170620,973
20170621,1022
20170622,775
20170623,888
20170624,747
20170625,945
20170626,1040
20170627,890
20170628,702
20170629,882
20170630,890
20170701,919
20170702,1226
20170703,949
20170704,1136
20170705,1132
20170706,954
20170707,1026
20170708,1156
20170709,1214
20170710,914
20170711,770
20170712,578
20170713,995
20170714,773
20170715,1102
20170716,1017
20170717,1013
20170718,981
20170719,854
20170720,704
20170721,1059
20170722,1120
20170723,932
20170724,743
20170725,724
20170726,1053
20170727,858
20170728,771
20170729,835
20170730,963
20170731,1036
20170801,1079
20170802,949
20170803,675
20170804,823
20170805,987
20170806,1205
20170807,1159
20170808,794
20170809,924
20170810,883
20170811,1043
20170812,914
20170813,1372
20170814,1152
20170815,958
20170816,1158
20170817,654
20170818,842
20170819,1003
20170820,1268
20170821,1157
20170822,1139
20170823,1198
20170824,985
20170825,1177
20170826,1363
20170827,1315
20170828,1071
20170829,1033
20170830,530
20170831,861
20170901,1110
20170902,1295
20170903,1489
20170904,1051
20170905,902
20170906,752
20170907,934
20170908,429
20170909,1078
20170910,1296
20170911,657
20170912,852
20170913,583
20170914,631
20170915,1082
20170916,1067
20170917,1555
20170918,913
20170919,1015
20170920,1033
20170921,1098
20170922,1166
20170923,1453
20170924,1498
20170925,1017
20170926,926
20170927,1063
20170928,794
20170929,1114
20170930,1133
20171001,1361
20171002,768
20171003,924
20171004,991
20171005,587
20171006,909
20171007,835
20171008,1649
20171009,1076
20171010,1000
20171011,835
20171012,1045
20171013,1314
20171014,1666
20171015,1827
20171016,1422
20171017,1153
20171018,1247
20171019,1280
20171020,875
20171021,1260
20171022,1026
20171023,978
20171024,721
20171025,1021
20171026,1085
20171027,1088
20171028,1090
20171029,1256
20171030,1065
20171031,879
20171101,1036
20171102,1050
20171103,1154
20171104,1387
20171105,1354
20171106,1051
20171107,1072
20171108,875
20171109,908
20171110,750
20171111,1095
20171112,1024
20171113,869
20171114,777
20171115,794
20171116,672
20171117,1212
20171118,1050
20171119,1335
20171120,449
20171121,522
20171122,960
20171123,590
20171124,920
20171125,1295
20171126,1124
20171127,461
20171128,754
20171129,826
20171130,675
20171201,1052
20171202,895
20171203,1040
20171204,925
20171205,746
20171206,845
20171207,450
20171208,662
20171209,1031
20171210,701
20171211,633
20171212,821
20171213,505
20171214,646
20171215,894
20171216,1311
20171217,1574
20171218,827
20171219,831
20171220,722
20171221,714
20171222,887
20171223,1115
20171224,1151
20171225,1001
20171226,1227
20171227,1026
20171228,1289
20171229,997
20171230,872
20171231,783
20180101,1783
20180102,1653
20180103,803
20180104,1282
20180105,1476
20180106,1839
20180107,1941
20180108,1356
20180109,1263
20180110,1039
20180111,1188
20180112,1177
20180113,1750
20180114,2101
20180115,627
20180116,793
20180117,835
20180118,572
20180119,1200
20180120,1451
20180121,1922
20180122,1114
20180123,961
20180124,901
20180125,1232
20180126,1422
20180127,1787
20180128,1850
20180129,809
20180130,1434
20180131,697
20180201,1004
20180202,1157
20180203,1468
20180204,1566
20180205,1158
20180206,1197
20180207,1425
20180208,1280
20180209,1102
20180210,1637
20180211,1280
20180212,1110
20180213,1215
20180214,1317
20180215,895
20180216,1533
20180217,1914
20180218,2021
20180219,1118
20180220,1354
20180221,1300
20180222,1146
20180223,1287
20180224,1521
20180225,1809
20180226,1302
20180227,1341
20180228,1424
20180301,1264
20180302,1503
20180303,2023
20180304,2636
20180305,1840
20180306,1790
20180307,1498
20180308,1074
20180309,1644
20180310,1820
20180311,1874
20180312,1523
20180313,926
20180314,1743
20180315,1346
20180316,1122
20180317,1398
20180318,1671
20180319,1464
20180320,1422
20180321,1520
20180322,1121
20180323,1356
20180324,2013
20180325,2245
20180326,1601
20180327,1197
20180328,1029
20180329,1497
20180330,1841
20180331,2204
20180401,1708
20180402,1796
20180403,1571
20180404,1682
20180405,1260
20180406,2029
20180407,2678
20180408,2571
20180409,1629
20180410,1831
20180411,1691
20180412,1567
20180413,1832
20180414,2171
20180415,2108
20180416,1717
20180417,1785
20180418,1949
20180419,1839
20180420,1919
20180421,2259
20180422,2342
20180423,1542
20180424,1195
20180425,1313
20180426,1341
20180427,2036
20180428,1814
20180429,1542
20180430,1001
20180501,1358
20180502,1761
20180503,1805
20180504,1866
20180505,2041
20180506,2152
20180507,1752
20180508,1743
20180509,1729
20180510,1701
20180511,2013
20180512,2183
20180513,1478
20180514,1589
20180515,1567
20180516,1234
20180517,1098
20180518,1282
20180519,1746
20180520,2007
20180521,2119
20180522,1361
20180523,1349
20180524,1275
20180525,1544
20180526,1800
20180527,1688
20180528,1389
20180529,1021
20180530,1320
20180531,1166
20180601,1088
20180602,1347
20180603,1694
20180604,1123
20180605,1138
20180606,1258
20180607,1153
20180608,1016
20180609,1425
20180610,1425
20180611,1071
20180612,897
20180613,1031
20180614,743
20180615,1240
20180616,1232
20180617,1106
20180618,778
20180619,949
20180620,1102
20180621,657
20180622,736
20180623,1136
20180624,1138
20180625,1018
20180626,1028
20180627,1047
20180628,934
20180629,996
20180630,1124
20180701,1083
20180702,899
20180703,910
20180704,1028
20180705,935
20180706,935
20180707,1095
20180708,1147
20180709,921
20180710,642
20180711,891
20180712,903
20180713,1011
20180714,1165
20180715,1112
20180716,895
20180717,893
20180718,927
20180719,876
20180720,914
20180721,1033
20180722,1065
20180723,873
20180724,784
20180725,837
20180726,691
20180727,786
20180728,790
20180729,934
20180730,874
20180731,881
20180801,1025
20180802,876
20180803,909
20180804,987
20180805,1048
20180806,890
20180807,814
20180808,844
20180809,748
20180810,799
20180811,1074
20180812,1164
20180813,676
20180814,942
20180815,1012
20180816,986
20180817,1027
20180818,1101
20180819,1059
20180820,1006
20180821,1078
20180822,1125
20180823,844
20180824,830
20180825,822
20180826,1258
20180827,801
20180828,1116
20180829,934
20180830,1007
20180831,1141
20180901,1450
20180902,1469
20180903,988
20180904,964
20180905,919
20180906,774
20180907,901
20180908,1208
20180909,1366
20180910,941
20180911,778
20180912,768
20180913,1136
20180914,1066
20180915,1324
20180916,1416
20180917,1046
20180918,903
20180919,903
20180920,881
20180921,614
20180922,1065
20180923,716
20180924,890
20180925,1107
20180926,1076
20180927,1055
20180928,874
20180929,1440
20180930,1378
20181001,697
20181002,605
20181003,1026
20181004,1003
20181005,1370
20181006,1729
20181007,1535
20181008,1118
20181009,1141
20181010,1233
20181011,1167
20181012,1346
20181013,1735
20181014,1731
20181015,1234
20181016,1244
20181017,1197
20181018,932
20181019,1349
20181020,1605
20181021,1612
20181022,1064
20181023,801
20181024,932
20181025,1025
20181026,824
20181027,1305
20181028,1563
20181029,988
20181030,608
20181031,1234
20181101,1102
20181102,1280
20181103,1633
20181104,1756
20181105,996
20181106,1118
20181107,889
20181108,1007
20181109,1118
20181110,868
20181111,1080
20181112,615
20181113,711
20181114,1049
20181115,1033
20181116,1024
20181117,1443
20181118,1493
20181119,807
20181120,786
20181121,1098
20181122,886
20181123,1108
20181124,1032
20181125,1227
20181126,756
20181127,907
20181128,589
20181129,512
20181130,1046
20181201,1199
20181202,909
20181203,839
20181204,1109
20181205,798
20181206,663
20181207,470
20181208,845
20181209,1042
20181210,758
20181211,1004
20181212,958
20181213,872
20181214,994
20181215,1238
20181216,898
20181217,660
20181218,844
20181219,800
20181220,629
20181221,424
20181222,1025
20181223,842
20181224,1481
20181225,1244
20181226,1220
20181227,1265
20181228,1084
20181229,999
20181230,1379
20181231,1078
20190101,1054
20190102,1070
20190103,1027
20190104,854
20190105,934
20190106,1217
20190107,583
20190108,428
20190109,784
20190110,665
20190111,726
20190112,759
20190113,713
20190114,685
20190115,629
20190116,538
20190117,482
20190118,885
20190119,1241
20190120,1376
20190121,813
20190122,548
20190123,771
20190124,698
20190125,662
20190126,813
20190127,744
20190128,566
20190129,812
20190130,665
20190131,622
20190201,733
20190202,749
20190203,1382
20190204,530
20190205,643
20190206,462
20190207,588
20190208,540
20190209,823
20190210,646
20190211,771
20190212,846
20190213,789
20190214,982
20190215,1198
20190216,1418
20190217,1550
20190218,1060
20190219,724
20190220,892
20190221,803
20190222,999
20190223,1432
20190224,1480
20190225,1085
20190226,1131
20190227,1232
20190228,806
20190301,792
20190302,1126
20190303,561
20190304,551
20190305,835
20190306,696
20190307,560
20190308,941
20190309,860
20190310,578
20190311,511
20190312,540
20190313,462
20190314,446
20190315,615
20190316,703
20190317,1179
20190318,934
20190319,1127
20190320,1026
20190321,1015
20190322,1297
20190323,1238
20190324,1543
20190325,625
20190326,846
20190327,1038
20190328,944
20190329,1312
20190330,1566
20190331,1428
20190401,1177
20190402,1046
20190403,971
20190404,986
20190405,1249
20190406,1506
20190407,1821
20190408,1234
20190409,1010
20190410,1017
20190411,981
20190412,1059
20190413,1146
20190414,1392
20190415,1210
20190416,1252
20190417,1227
20190418,1341
20190419,1645
20190420,1807
20190421,1825
20190422,1831
20190423,1239
20190424,1234
20190425,1282
20190426,1356
20190427,1021
20190428,1346
20190429,1150
20190430,1173
20190501,1394
20190502,1065
20190503,1101
20190504,1084
20190505,1194
20190506,926
20190507,1123
20190508,883
20190509,1146
20190510,1170
20190511,1297
20190512,1318
20190513,1114
20190514,1121
20190515,1136
20190516,951
20190517,1086
20190518,1593
20190519,1347
20190520,924
20190521,850
20190522,1127
20190523,1099
20190524,1197
20190525,1350
20190526,1078
20190527,870
20190528,678
20190529,1072
20190530,1168
20190531,1278
20190601,1360
20190602,1249
20190603,850
20190604,885
20190605,987
20190606,890
20190607,830
20190608,614
20190609,1351
20190610,1211
20190611,814
20190612,658
20190613,698
20190614,1059
20190615,965
20190616,1151
20190617,952
20190618,911
20190619,711
20190620,688
20190621,898
20190622,1006
20190623,986
20190624,711
20190625,667
20190626,742
20190627,965
20190628,1004
20190629,876
20190630,884
20190701,630
20190702,722
20190703,718
20190704,808
20190705,787
20190706,736
20190707,845
20190708,612
20190709,783
20190710,629
20190711,682
20190712,608
20190713,797
20190714,838
20190715,651
20190716,694
20190717,846
20190718,633
20190719,735
20190720,654
20190721,878
20190722,710
20190723,641
20190724,504
20190725,475
20190726,561
20190727,627
20190728,743
20190729,802
20190730,710
20190731,588
20190801,712
20190802,587
20190803,784
20190804,945
20190805,687
20190806,747
20190807,670
20190808,750
20190809,539
20190810,570
20190811,916
20190812,637
20190813,629
20190814,720
20190815,516
20190816,1020
20190817,819
20190818,863
20190819,753
20190820,795
20190821,938
20190822,842
20190823,926
20190824,1011
20190825,1073
20190826,763
20190827,767
20190828,753
20190829,692
20190830,828
20190831,1018
20190901,955
20190902,717
20190903,645
20190904,508
20190905,599
20190906,651
20190907,804
20190908,1004
20190909,798
20190910,782
20190911,423
20190912,703
20190913,744
20190914,1037
20190915,1052
20190916,638
20190917,621
20190918,687
20190919,732
20190920,807
20190921,1002
20190922,1134
20190923,643
20190924,578
20190925,596
20190926,405
20190927,644
20190928,711
20190929,379
20190930,643
20191001,503
20191002,683
20191003,701
20191004,476
20191005,1202
20191006,640
20191007,879
20191008,665
20191009,619
20191010,621
20191011,453
20191012,829
20191013,1171
20191014,741
20191015,689
20191016,704
20191017,774
20191018,644
20191019,948
20191020,1086
20191021,746
20191022,820
20191023,903
20191024,849
20191025,792
20191026,824
20191027,1020
20191028,904
20191029,776
20191030,835
20191031,740
20191101,497
20191102,809
20191103,1074
20191104,641
20191105,709
20191106,791
20191107,446
20191108,838
20191109,855
20191110,1157
20191111,470
20191112,456
20191113,488
20191114,565
20191115,538
20191116,893
20191117,1084
20191118,391
20191119,549
20191120,611
20191121,572
20191122,723
20191123,817
20191124,1052
20191125,609
20191126,488
20191127,419
20191128,284
20191129,663
20191130,886
20191201,848
20191202,598
20191203,622
20191204,715
20191205,437
20191206,266
20191207,874
20191208,592
20191209,422
20191210,575
20191211,501
20191212,579
20191213,382
20191214,663
20191215,818
20191216,516
20191217,603
20191218,715
20191219,666
20191220,455
20191221,862
20191222,667
20191223,734
20191224,435
20191225,856
20191226,883
20191227,1059
20191228,1114
20191229,1276
20191230,1194
20191231,788
